mae,mse,rmse,mape,mspe,pred_len
0.53481233,0.45482045,0.6744038,6.2604046,78920.05,0
