mae,mse,rmse,mape,mspe,pred_len
0.037129708,0.0028413862,0.053304654,inf,inf,0
