mae,mse,rmse,mape,mspe,pred_len
0.02920093,0.0018968077,0.043552354,inf,inf,0
