mae,mse,rmse,mape,mspe,pred_len
0.028903123,0.0020815982,0.045624536,inf,inf,0
