mae,mse,rmse,mape,mspe,pred_len
0.021997487,0.0013868172,0.037239995,inf,inf,0
