mae,mse,rmse,mape,mspe,pred_len
0.02317284,0.001258344,0.035473146,inf,inf,0
