mae,mse,rmse,mape,mspe,pred_len
0.050502323,0.0054781972,0.07401484,inf,inf,0
