mae,mse,rmse,mape,mspe,pred_len
0.034191605,0.0023755273,0.04873938,inf,inf,0
