mae,mse,rmse,mape,mspe,pred_len
0.03894459,0.0032502841,0.05701126,inf,inf,0
