mae,mse,rmse,mape,mspe,pred_len
0.023245947,0.0013363216,0.036555734,inf,inf,0
