mae,mse,rmse,mape,mspe,pred_len
0.024451675,0.001498931,0.03871603,inf,inf,0
