mae,mse,rmse,mape,mspe,pred_len
0.037296157,0.0027422106,0.052366123,inf,inf,0
