,window,window,window,window,window,whole,whole,whole,whole,whole
,mae,mse,rmse,mape,mspe,mae,mse,rmse,mape,mspe
pred_len,,,,,,,,,,
8,0.065187074,0.006839003,0.08269826,inf,inf,0.057270866,0.005948433,0.077126086,inf,inf
8,0.1192128,0.02130023,0.14594598,inf,inf,0.089376375,0.012905778,0.1136036,inf,inf
8,0.069696836,0.007975238,0.089304194,inf,inf,0.067603275,0.0075245867,0.086744376,inf,inf
mean,0.08469891,0.012038157,0.10598282,inf,inf,0.07141684,0.008792933,0.09249135,inf,inf
