pred_len,mae,mse,rmse,mape,mspe
128,0.05124478,0.0044942647,0.06703928,inf,inf
mean,0.05124478,0.0044942647,0.06703928,inf,inf
