,window,window,window,window,window,whole,whole,whole,whole,whole
,mae,mse,rmse,mape,mspe,mae,mse,rmse,mape,mspe
pred_len,,,,,,,,,,
24,0.084651284,0.012748467,0.11290911,inf,inf,0.07253356,0.0088219065,0.09392501,inf,inf
24,0.09024604,0.015437833,0.12424908,inf,inf,0.074775174,0.009629677,0.09813092,inf,inf
24,0.08503741,0.011677693,0.10806337,inf,inf,0.07283213,0.008985691,0.09479288,inf,inf
mean,0.08664491,0.013287998,0.11507385,inf,inf,0.07338029,0.009145758,0.09561627,inf,inf
