,window,window,window,window,window,whole,whole,whole,whole,whole
,mae,mse,rmse,mape,mspe,mae,mse,rmse,mape,mspe
pred_len,,,,,,,,,,
16,0.09010904,0.012305229,0.11092894,inf,inf,0.075401284,0.009459545,0.09726019,inf,inf
16,0.08003374,0.010795402,0.103900924,inf,inf,0.06789545,0.008285852,0.09102666,inf,inf
16,0.09423477,0.015525542,0.124601535,inf,inf,0.067860425,0.008362904,0.09144892,inf,inf
mean,0.088125855,0.01287539,0.1131438,inf,inf,0.07038572,0.008702767,0.093245246,inf,inf
